-- DATABASE DATA --

INSERT INTO COMPANY (ID, NAME) VALUES (1, 'SNCF');
INSERT INTO COMPANY (ID, NAME) VALUES (2, 'TISSEO');
INSERT INTO COMPANY (ID, NAME) VALUES (3, 'Taxis');

INSERT INTO VEHICLE_TYPE (ID, NAME, CAPACITY, MANUFACTURER, COMPANY_ID) VALUES (1, 'T.E.R',342,'Bombardier & Alstom',1);
INSERT INTO VEHICLE_TYPE (ID, NAME, CAPACITY, MANUFACTURER, COMPANY_ID) VALUES (2, 'Tramway',300,'Alstom',2);
INSERT INTO VEHICLE_TYPE (ID, NAME, CAPACITY, MANUFACTURER, COMPANY_ID) VALUES (3, 'Metro' ,224,'Alstom',2);
INSERT INTO VEHICLE_TYPE (ID, NAME, CAPACITY, MANUFACTURER, COMPANY_ID) VALUES (4, 'Bus standards',63,'Heuliez',2);
INSERT INTO VEHICLE_TYPE (ID, NAME, CAPACITY, MANUFACTURER, COMPANY_ID) VALUES (5, 'Bus articulés ',140,'EvoBus',2);
INSERT INTO VEHICLE_TYPE (ID, NAME, CAPACITY, MANUFACTURER, COMPANY_ID) VALUES (6, 'Mini Bus',20,'Heuliez',2);
INSERT INTO VEHICLE_TYPE (ID, NAME, CAPACITY, MANUFACTURER, COMPANY_ID) VALUES (7, 'Téléphérique',34,'Poma',2);
INSERT INTO VEHICLE_TYPE (ID, NAME, CAPACITY, MANUFACTURER, COMPANY_ID) VALUES (8, 'Independant',6,'',3);

-- TER 
INSERT INTO VEHICLE (ID, VIN, VEHICLE_TYPE_ID) VALUES (1, 'VF7VDA5BABA602430',1);
INSERT INTO VEHICLE (ID, VIN, VEHICLE_TYPE_ID) VALUES (2, 'VF7VDA5BABA602431',1);
INSERT INTO VEHICLE (ID, VIN, VEHICLE_TYPE_ID) VALUES (3, 'VF7VDA5BABA602432',1);
INSERT INTO VEHICLE (ID, VIN, VEHICLE_TYPE_ID) VALUES (4, 'VF7VDA5BABA602433',1);
-- Tramway 
INSERT INTO VEHICLE (ID, VIN, VEHICLE_TYPE_ID) VALUES (5, 'VF7VDA55662202434',2);
INSERT INTO VEHICLE (ID, VIN, VEHICLE_TYPE_ID) VALUES (6, 'VF7VDA55662202435',2);
INSERT INTO VEHICLE (ID, VIN, VEHICLE_TYPE_ID) VALUES (7, 'VF7VDA55662202436',2);
INSERT INTO VEHICLE (ID, VIN, VEHICLE_TYPE_ID) VALUES (8, 'VF7VDA55662202437',2);
INSERT INTO VEHICLE (ID, VIN, VEHICLE_TYPE_ID) VALUES (9, 'VF7VDA55662202438',2);
INSERT INTO VEHICLE (ID, VIN, VEHICLE_TYPE_ID) VALUES (10, 'VF7VDA55662202439',2);
INSERT INTO VEHICLE (ID, VIN, VEHICLE_TYPE_ID) VALUES (11, 'VF7VDA5566220243A',2);
-- Metro 
INSERT INTO VEHICLE (ID, VIN, VEHICLE_TYPE_ID) VALUES (17, 'VF7VDF555AA569100',3);
INSERT INTO VEHICLE (ID, VIN, VEHICLE_TYPE_ID) VALUES (18, 'VF7VDF555AA569101',3);
INSERT INTO VEHICLE (ID, VIN, VEHICLE_TYPE_ID) VALUES (19, 'VF7VDF555AA569102',3);
INSERT INTO VEHICLE (ID, VIN, VEHICLE_TYPE_ID) VALUES (20, 'VF7VDF555AA569103',3);
-- Bus standards 
INSERT INTO VEHICLE (ID, VIN, VEHICLE_TYPE_ID) VALUES (21, 'VF7VDF0000DFD5961',4);
INSERT INTO VEHICLE (ID, VIN, VEHICLE_TYPE_ID) VALUES (22, 'VF7VDF0000DFD5962',4);
INSERT INTO VEHICLE (ID, VIN, VEHICLE_TYPE_ID) VALUES (23, 'VF7VDF0000DFD5963',4);
INSERT INTO VEHICLE (ID, VIN, VEHICLE_TYPE_ID) VALUES (24, 'VF7VDF0000DFD5964',4);
-- Bus articulés 
INSERT INTO VEHICLE (ID, VIN, VEHICLE_TYPE_ID) VALUES (25, 'VF7VDF0000DFD5965',5);
INSERT INTO VEHICLE (ID, VIN, VEHICLE_TYPE_ID) VALUES (26, 'VF7VDF0000DFD5966',5);
INSERT INTO VEHICLE (ID, VIN, VEHICLE_TYPE_ID) VALUES (27, 'VF7VDF0000DFD5967',5);
INSERT INTO VEHICLE (ID, VIN, VEHICLE_TYPE_ID) VALUES (28, 'VF7VDF0000DFD5968',5);
-- Mini Bus 
INSERT INTO VEHICLE (ID, VIN, VEHICLE_TYPE_ID) VALUES (29, 'VF7VDF0000DFD5910',6);
INSERT INTO VEHICLE (ID, VIN, VEHICLE_TYPE_ID) VALUES (30, 'VF7VDF0000DFD5911',6);
INSERT INTO VEHICLE (ID, VIN, VEHICLE_TYPE_ID) VALUES (31, 'VF7VDF0000DFD5912',6);
INSERT INTO VEHICLE (ID, VIN, VEHICLE_TYPE_ID) VALUES (32, 'VF7VDF0000DFD5913',6);
-- Téléphérique 
INSERT INTO VEHICLE (ID, VIN, VEHICLE_TYPE_ID) VALUES (33, 'VF7VDF0000DFD5914',7);
INSERT INTO VEHICLE (ID, VIN, VEHICLE_TYPE_ID) VALUES (34, 'VF7VDF0000DFD5915',7);
INSERT INTO VEHICLE (ID, VIN, VEHICLE_TYPE_ID) VALUES (35, 'VF7VDF0000DFD5916',7);
INSERT INTO VEHICLE (ID, VIN, VEHICLE_TYPE_ID) VALUES (36, 'VF7VDF0000DFD5917',7);
-- Indépendant Taxis
INSERT INTO VEHICLE (ID, VIN, VEHICLE_TYPE_ID) VALUES (37, 'VF7VDF0000DFD5918',8);
INSERT INTO VEHICLE (ID, VIN, VEHICLE_TYPE_ID) VALUES (38, 'VF7544522FE263521',8);
INSERT INTO VEHICLE (ID, VIN, VEHICLE_TYPE_ID) VALUES (39, 'VF7VAABB5654E5F54',8);
INSERT INTO VEHICLE (ID, VIN, VEHICLE_TYPE_ID) VALUES (40, 'VF7VD002596ABCD52',8);
INSERT INTO VEHICLE (ID, VIN, VEHICLE_TYPE_ID) VALUES (41, 'VF7V1235FEFE56982',8);
INSERT INTO VEHICLE (ID, VIN, VEHICLE_TYPE_ID) VALUES (42, 'VF7V4549ADBC15212',8);
INSERT INTO VEHICLE (ID, VIN, VEHICLE_TYPE_ID) VALUES (43, 'VF7CC45D595E245CD',8);
INSERT INTO VEHICLE (ID, VIN, VEHICLE_TYPE_ID) VALUES (44, 'VF7V958614DD5258D',8);
INSERT INTO VEHICLE (ID, VIN, VEHICLE_TYPE_ID) VALUES (45, 'VF7VDDEF98AB59DR6',8);
INSERT INTO VEHICLE (ID, VIN, VEHICLE_TYPE_ID) VALUES (46, 'VF79516DD62156AB9',8);
INSERT INTO VEHICLE (ID, VIN, VEHICLE_TYPE_ID) VALUES (47, 'VF7V521DEB56511A0',8);
INSERT INTO VEHICLE (ID, VIN, VEHICLE_TYPE_ID) VALUES (48, 'VF7VDF0000DFD591B',8);
INSERT INTO VEHICLE (ID, VIN, VEHICLE_TYPE_ID) VALUES (49, 'VF7V521DEB565111C',8);
INSERT INTO VEHICLE (ID, VIN, VEHICLE_TYPE_ID) VALUES (50, 'VF7VDF00DDDFD591D',8);